entity_id,label,lat,lon,start_year,end_year,date_text,confidence,weight,source_id,source_ref
oldowan,,11.1,40.4,-2599999,-1699999,,,0.9,mock,mock:illustrative
oldowan,,-2.99,35.35,-2599999,-1699999,,,0.9,mock,mock:illustrative
oldowan,,3.9,36.4,-2599999,-1699999,,,0.9,mock,mock:illustrative
oldowan,,36.2,5.4,-2599999,-1699999,,,0.9,mock,mock:illustrative
oldowan,,1.2,36.6,-2599999,-1699999,,,0.9,mock,mock:illustrative
acheulean,,4.0,35.8,-1759999,-129999,,,0.8,mock,mock:illustrative
acheulean,,-1.6,36.4,-1759999,-129999,,,0.8,mock,mock:illustrative
acheulean,,33.0,35.63,-1759999,-129999,,,0.8,mock,mock:illustrative
acheulean,,50.86,-0.68,-1759999,-129999,,,0.8,mock,mock:illustrative
acheulean,,13.2,79.9,-1759999,-129999,,,0.8,mock,mock:illustrative
acheulean,,-28.0,25.0,-1759999,-129999,,,0.8,mock,mock:illustrative
levallois-mousterian,,44.99,1.06,-299999,-39999,,,0.8,mock,mock:illustrative
levallois-mousterian,,32.56,34.97,-299999,-39999,,,0.8,mock,mock:illustrative
levallois-mousterian,,36.8,44.2,-299999,-39999,,,0.8,mock,mock:illustrative
levallois-mousterian,,44.85,1.2,-299999,-39999,,,0.8,mock,mock:illustrative
levallois-mousterian,,36.13,-5.35,-299999,-39999,,,0.8,mock,mock:illustrative
levallois-mousterian,,51.23,6.95,-299999,-39999,,,0.8,mock,mock:illustrative
aurignacian,,43.22,0.88,-42999,-25999,,,0.9,mock,mock:illustrative
aurignacian,,48.38,9.75,-42999,-25999,,,0.9,mock,mock:illustrative
aurignacian,,44.39,4.42,-42999,-25999,,,0.9,mock,mock:illustrative
aurignacian,,42.95,25.43,-42999,-25999,,,0.9,mock,mock:illustrative
aurignacian,,48.07,20.4,-42999,-25999,,,0.9,mock,mock:illustrative
gravettian,,48.88,16.65,-32999,-20999,,,0.9,mock,mock:illustrative
gravettian,,48.32,15.4,-32999,-20999,,,0.9,mock,mock:illustrative
gravettian,,51.39,39.05,-32999,-20999,,,0.9,mock,mock:illustrative
gravettian,,51.55,-4.25,-32999,-20999,,,0.9,mock,mock:illustrative
gravettian,,44.75,0.85,-32999,-20999,,,0.9,mock,mock:illustrative
natufian,,31.98,35.05,-14999,-11499,,,1.0,mock,mock:illustrative
natufian,,33.08,35.58,-14999,-11499,,,1.0,mock,mock:illustrative
natufian,,31.87,35.44,-14999,-11499,,,1.0,mock,mock:illustrative
natufian,,32.7,35.0,-14999,-11499,,,1.0,mock,mock:illustrative
linear-pottery,,50.1,8.7,-5499,-4499,,,0.9,mock,mock:illustrative
linear-pottery,,50.1,14.4,-5499,-4499,,,0.9,mock,mock:illustrative
linear-pottery,,50.0,19.9,-5499,-4499,,,0.9,mock,mock:illustrative
linear-pottery,,48.1,17.1,-5499,-4499,,,0.9,mock,mock:illustrative
linear-pottery,,50.8,5.7,-5499,-4499,,,0.9,mock,mock:illustrative
linear-pottery,,51.4,11.6,-5499,-4499,,,0.9,mock,mock:illustrative
