source,label,entity_id
xronos,LBK,linear-pottery
xronos,Linienbandkeramik,linear-pottery
xronos,Linearbandkeramik,linear-pottery
xronos,älteste LBK,linear-pottery
xronos,ältere LBK,linear-pottery
xronos,mittlere LBK,linear-pottery
xronos,jüngere LBK,linear-pottery
xronos,Eastern Linear Pottery,linear-pottery
xronos,Culture rubanée,linear-pottery
xronos,Rubané,linear-pottery
xronos,Rubané ancien,linear-pottery
xronos,Rubané récent,linear-pottery
xronos,Ceramica lineare,linear-pottery
xronos,Natufian,natufian
xronos,Natoufien,natufian
xronos,Early Natufian,natufian
xronos,Late Natufian,natufian
